{"init_params": {"cat_dims": [], "cat_emb_dim": [], "cat_idxs": [], "clip_value": 1, "device_name": "auto", "epsilon": 1e-15, "gamma": 1.3, "grouped_features": [], "input_dim": 190, "lambda_sparse": 0.001, "mask_type": "sparsemax", "momentum": 0.02, "n_a": 12, "n_d": 12, "n_indep_decoder": 1, "n_independent": 2, "n_shared": 2, "n_shared_decoder": 1, "n_steps": 3, "optimizer_params": {"lr": 0.02}, "output_dim": 1, "scheduler_params": {"mode": "min", "patience": 8, "min_lr": 1e-08, "factor": 0.9}, "seed": 42, "verbose": 1}, "class_attrs": {"preds_mapper": null}}